protein_id,uniprot_id,gene_symbol,name,sequence,pdb_or_af_ref,surface_region,layer_A,layer_B,layer_C,autoimmune_conditions,mimicry_pathogens,mimicry_epitope,mimicry_epitope_type,is_anchor_offtarget,source
LAYERC_MYH6_CARDIAC_MYOSIN,P12883,MYH7,Cardiac myosin heavy chain (beta/alpha=MYH6),MGDSEMAVFGAAAPYLRKSEKERLEAQTRPFDLKKDVFVPDDKQEFVKAKIVSREGGKVTAETEYGKTVTVKEDQVMQQNPPKFDKIEDMAMLTFLHEPAVLYNLKDRYGSWMIYTYSGLFCVTVNPYKWLPVYTPEVVAAYRGKKRSEAPPHIFSISDNAYQYMLTDRENQSILITGESGAGKTVNTKRVIQYFAVIAAIGDRSKKDQSPGKGTLEDQIIQANPALEAFGNAKTVRNDNSSRFGKFIRIHFGATGKLASADIETYLLEKSRVIFQLKAERDYHIFYQILSNKKPELLDMLLITNNPYDYAFISQGETTVASIDDAEELMATDNAFDVLGFTSEEKNSMYKLTGAIMHFGNMKFKLKQREEQAEPDGTEEADKSAYLMGLNSADLLKGLCHPRVKVGNEYVTKGQNVQQVIYATGALAKAVYERMFNWMVTRINATLETKQPRQYFIGVLDIAGFEIFDFNSFEQLCINFTNEKLQQFFNHHMFVLEQEEYKKEGIEWTFIDFGMDLQACIDLIEKPMGIMSILEEECMFPKATDMTFKAKLFDNHLGKSANFQKPRNIKGKPEAHFSLIHYAGIVDYNIIGWLQKNKDPLNETVVGLYQKSSLKLLSTLFANYAGADAPIEKGKGKAKKGSSFQTVSALHRENLNKLMTNLRSTHPHFVRCIIPNETKSPGVMDNPLVMHQLRCNGVLEGIRICRKGFPNRILYGDFRQRYRILNPAAIPEGQFIDSRKGAEKLLSSLDIDHNQYKFGHTKVFFKAGLLGLLEEMRDERLSRIITRIQAQSRGVLARMEYKKLLERRDSLLVIQWNIRAFMGVKNWPWMKLYFKIKPLLKSAEREKEMASMKEEFTRLKEALEKSEARRKELEEKMVSLLQEKNDLQLQVQAEQDNLADAEERCDQLIKNKIQLEAKVKEMNERLEDEEEMNAELTAKKRKLEDECSELKRDIDDLELTLAKVEKEKHATENKVKNLTEEMAGLDEIIAKLTKEKKALQEAHQQALDDLQAEEDKVNTLTKAKVKLEQQVDDLEGSLEQEKKVRMDLERAKRKLEGDLKLTQESIMDLENDKQQLDERLKKKDFELNALNARIEDEQALGSQLQKKLKELQARIEELEEELEAERTARAKVEKLRSDLSRELEEISERLEEAGGATSVQIEMNKKREAEFQKMRRDLEEATLQHEATAAALRKKHADSVAELGEQIDNLQRVKQKLEKEKSEFKLELDDVTSNMEQIIKAKANLEKMCRTLEDQMNEHRSKAEETQRSVNDLTSQRAKLQTENGELSRQLDEKEALISQLTRGKLTYTQQLEDLKRQLEEEVKAKNALAHALQSARHDCDLLREQYEEETEAKAELQRVLSKANSEVAQWRTKYETDAIQRTEELEEAKKKLAQRLQEAEEAVEAVNAKCSSLEKTKHRLQNEIEDLMVDVERSNAAAAALDKKQRNFDKILAEWKQKYEESQSELESSQKEARSLSTELFKLKNAYEESLEHLETFKRENKNLQEEISDLTEQLGSSGKTIHELEKVRKQLEAEKMELQSALEEAEASLEHEEGKILRAQLEFNQIKAEIERKLAEKDEEMEQAKRNHLRVVDSLQTSLDAETRSRNEALRVKKKMEGDLNEMEIQLSHANRMAAEAQKQVKSLQSLLKDTQIQLDDAVRANDDLKENIAIVERRNNLLQAELEELRAVVEQTERSRKLAEQELIETSERVQLLHSQNTSLINQKKKMDADLSQLQTEVEEAVQECRNAEEKAKKAITDAAMMAEELKKEQDTSAHLERMKKNMEQTIKDLQHRLDEAEQIALKGGKKQLQKLEARVRELENELEAEQKRNAESVKGMRKSERRIKELTYQTEEDRKNLLRLQDLVDKLQLKVKAYKRQAEEAEEQANTNLSKFRKVQHELDEAEERADIAESQVNKLRAKSRDIGTKGLNEE,,,False,True,True,Myocarditis,Group A Streptococcus,LEDLKRQLEEEVKAKNA / KLQTENGE (host) vs TIGTLKKILDETVKDKIA / GLKTENEGLKTENEGLKTE (Strep M5 protein / peptide NT4),protein,False,"Suliman 2024 (Immun Inflamm Dis, Table 1, ref 119); Cunningham 2004"
LAYERC_MYH6_CARDIAC_MYOSIN_COXSACKIE,P12883,MYH7,Cardiac myosin heavy chain (beta/alpha=MYH6),MGDSEMAVFGAAAPYLRKSEKERLEAQTRPFDLKKDVFVPDDKQEFVKAKIVSREGGKVTAETEYGKTVTVKEDQVMQQNPPKFDKIEDMAMLTFLHEPAVLYNLKDRYGSWMIYTYSGLFCVTVNPYKWLPVYTPEVVAAYRGKKRSEAPPHIFSISDNAYQYMLTDRENQSILITGESGAGKTVNTKRVIQYFAVIAAIGDRSKKDQSPGKGTLEDQIIQANPALEAFGNAKTVRNDNSSRFGKFIRIHFGATGKLASADIETYLLEKSRVIFQLKAERDYHIFYQILSNKKPELLDMLLITNNPYDYAFISQGETTVASIDDAEELMATDNAFDVLGFTSEEKNSMYKLTGAIMHFGNMKFKLKQREEQAEPDGTEEADKSAYLMGLNSADLLKGLCHPRVKVGNEYVTKGQNVQQVIYATGALAKAVYERMFNWMVTRINATLETKQPRQYFIGVLDIAGFEIFDFNSFEQLCINFTNEKLQQFFNHHMFVLEQEEYKKEGIEWTFIDFGMDLQACIDLIEKPMGIMSILEEECMFPKATDMTFKAKLFDNHLGKSANFQKPRNIKGKPEAHFSLIHYAGIVDYNIIGWLQKNKDPLNETVVGLYQKSSLKLLSTLFANYAGADAPIEKGKGKAKKGSSFQTVSALHRENLNKLMTNLRSTHPHFVRCIIPNETKSPGVMDNPLVMHQLRCNGVLEGIRICRKGFPNRILYGDFRQRYRILNPAAIPEGQFIDSRKGAEKLLSSLDIDHNQYKFGHTKVFFKAGLLGLLEEMRDERLSRIITRIQAQSRGVLARMEYKKLLERRDSLLVIQWNIRAFMGVKNWPWMKLYFKIKPLLKSAEREKEMASMKEEFTRLKEALEKSEARRKELEEKMVSLLQEKNDLQLQVQAEQDNLADAEERCDQLIKNKIQLEAKVKEMNERLEDEEEMNAELTAKKRKLEDECSELKRDIDDLELTLAKVEKEKHATENKVKNLTEEMAGLDEIIAKLTKEKKALQEAHQQALDDLQAEEDKVNTLTKAKVKLEQQVDDLEGSLEQEKKVRMDLERAKRKLEGDLKLTQESIMDLENDKQQLDERLKKKDFELNALNARIEDEQALGSQLQKKLKELQARIEELEEELEAERTARAKVEKLRSDLSRELEEISERLEEAGGATSVQIEMNKKREAEFQKMRRDLEEATLQHEATAAALRKKHADSVAELGEQIDNLQRVKQKLEKEKSEFKLELDDVTSNMEQIIKAKANLEKMCRTLEDQMNEHRSKAEETQRSVNDLTSQRAKLQTENGELSRQLDEKEALISQLTRGKLTYTQQLEDLKRQLEEEVKAKNALAHALQSARHDCDLLREQYEEETEAKAELQRVLSKANSEVAQWRTKYETDAIQRTEELEEAKKKLAQRLQEAEEAVEAVNAKCSSLEKTKHRLQNEIEDLMVDVERSNAAAAALDKKQRNFDKILAEWKQKYEESQSELESSQKEARSLSTELFKLKNAYEESLEHLETFKRENKNLQEEISDLTEQLGSSGKTIHELEKVRKQLEAEKMELQSALEEAEASLEHEEGKILRAQLEFNQIKAEIERKLAEKDEEMEQAKRNHLRVVDSLQTSLDAETRSRNEALRVKKKMEGDLNEMEIQLSHANRMAAEAQKQVKSLQSLLKDTQIQLDDAVRANDDLKENIAIVERRNNLLQAELEELRAVVEQTERSRKLAEQELIETSERVQLLHSQNTSLINQKKKMDADLSQLQTEVEEAVQECRNAEEKAKKAITDAAMMAEELKKEQDTSAHLERMKKNMEQTIKDLQHRLDEAEQIALKGGKKQLQKLEARVRELENELEAEQKRNAESVKGMRKSERRIKELTYQTEEDRKNLLRLQDLVDKLQLKVKAYKRQAEEAEEQANTNLSKFRKVQHELDEAEERADIAESQVNKLRAKSRDIGTKGLNEE,,,False,True,True,Myocarditis;Autoimmune myocarditis,Coxsackievirus B,Structural homology with coxsackievirus B capsid proteins (specific epitope not tabulated in source),protein,False,"Suliman 2024 (Immun Inflamm Dis) Section 10, refs 100-102"
LAYERC_GAD2_GAD65,Q05329,GAD2,Glutamate decarboxylase 65 (GAD65),MASPGSGFWSFGSEDGSGDSENPGTARAWCQVAQKFTGGIGNKLCALLYGDAEKPAESGGSQPPRAAARKAACACDQKPCSCSKVDVNYAFLHATDLLPACDGERPTLAFLQDVMNILLQYVVKSFDRSTKVIDFHYPNELLQEYNWELADQPQNLEEILMHCQTTLKYAIKTGHPRYFNQLSTGLDMVGLAADWLTSTANTNMFTYEIAPVFVLLEYVTLKKMREIIGWPGGSGDGIFSPGGAISNMYAMMIARFKMFPEVKEKGMAALPRLIAFTSEHSHFSLKKGAAALGIGTDSVILIKCDERGKMIPSDLERRILEAKQKGFVPFLVSATAGTTVYGAFDPLLAVADICKKYKIWMHVDAAWGGGLLMSRKHKWKLSGVERANSVTWNPHKMMGVPLQCSALLVREEGLMQNCNQMHASYLFQQDKHYDLSYDTGDKALQCGRHVDVFKLWLMWRAKGTTGFEAHVDKCLELAEYLYNIIKNREGYEMVFDGKPQHTNVCFWYIPPSLRTLEDNEERMSRLSKVAPVIKARMMEYGTTMVSYQPLGDKVNFFRMVISNPAATHQDIDFLIEEIERLGQDL,,,False,True,True,Type-1 diabetes mellitus,Coxsackievirus,SIMAARYKYFPEVKTKGMAAVPKL (host) vs FIEWLIKVKILPEVKEKHEFLSRL (Coxsackievirus B4 P2-C protein),protein,False,"Suliman 2024 (Immun Inflamm Dis, Table 1, ref 120); Kaufman et al. 1992"
LAYERC_GAD1_GAD67,Q99259,GAD1,Glutamate decarboxylase 67 (GAD67),MASSTPSSSATSSNAGADPNTTNLRPTTYDTWCGVAHGCTRKLGLKICGFLQRTNSLEEKSRLVSAFKERQSSKNLLSCENSDRDARFRRTETDFSNLFARDLLPAKNGEEQTVQFLLEVVDILLNYVRKTFDRSTKVLDFHHPHQLLEGMEGFNLELSDHPESLEQILVDCRDTLKYGVRTGHPRFFNQLSTGLDIIGLAGEWLTSTANTNMFTYEIAPVFVLMEQITLKKMREIVGWSSKDGDGIFSPGGAISNMYSIMAARYKYFPEVKTKGMAAVPKLVLFTSEQSHYSIKKAGAALGFGTDNVILIKCNERGKIIPADFEAKILEAKQKGYVPFYVNATAGTTVYGAFDPIQEIADICEKYNLWLHVDAAWGGGLLMSRKHRHKLNGIERANSVTWNPHKMMGVLLQCSAILVKEKGILQGCNQMCAGYLFQPDKQYDVSYDTGDKAIQCGRHVDIFKFWLMWKAKGTVGFENQINKCLELAEYLYAKIKNREEFEMVFNGEPEHTNVCFWYIPQSLRGVPDSPQRREKLHKVAPKIKALMMESGTTMVGYQPQGDKANFFRMVISNPAATQSDIDFLIEEIERLGQDL,,,False,True,True,Type-1 diabetes mellitus,Coxsackievirus,AMMIARFKMFPEVKEKGMAALPRL (host) vs FIEWLIKVKILPEVKEKHEFLSRL (Coxsackievirus B4 P2-C protein),protein,False,"Suliman 2024 (Immun Inflamm Dis, Table 1, ref 120)"
LAYERC_GAD2_GAD65_RUBELLA,Q05329,GAD2,Glutamate decarboxylase 65 (GAD65),MASPGSGFWSFGSEDGSGDSENPGTARAWCQVAQKFTGGIGNKLCALLYGDAEKPAESGGSQPPRAAARKAACACDQKPCSCSKVDVNYAFLHATDLLPACDGERPTLAFLQDVMNILLQYVVKSFDRSTKVIDFHYPNELLQEYNWELADQPQNLEEILMHCQTTLKYAIKTGHPRYFNQLSTGLDMVGLAADWLTSTANTNMFTYEIAPVFVLLEYVTLKKMREIIGWPGGSGDGIFSPGGAISNMYAMMIARFKMFPEVKEKGMAALPRLIAFTSEHSHFSLKKGAAALGIGTDSVILIKCDERGKMIPSDLERRILEAKQKGFVPFLVSATAGTTVYGAFDPLLAVADICKKYKIWMHVDAAWGGGLLMSRKHKWKLSGVERANSVTWNPHKMMGVPLQCSALLVREEGLMQNCNQMHASYLFQQDKHYDLSYDTGDKALQCGRHVDVFKLWLMWRAKGTTGFEAHVDKCLELAEYLYNIIKNREGYEMVFDGKPQHTNVCFWYIPPSLRTLEDNEERMSRLSKVAPVIKARMMEYGTTMVSYQPLGDKVNFFRMVISNPAATHQDIDFLIEEIERLGQDL,,,False,True,True,Type-1 diabetes mellitus,Rubella virus,IAFTSEHSHFSLK (host) vs RVKFHTETRTVWQLSVAGVSC (Rubella virus RVE1),protein,False,"Suliman 2024 (Immun Inflamm Dis, Table 1, ref 121); Ou et al. 2000"
LAYERC_TROVE2_RO60,P10155,TROVE2,Ro/SSA 60kDa (Ro60/TROVE2),MEESVNQMQPLNEKQIANSQDGYVWQVTDMNRLHRFLCFGSEGGTYYIKEQKLGLENAEALIRLIEDGRGCEVIQEIKSFSQEGRTTKQEPMLFALAICSQCSDISTKQAAFKAVSEVCRIPTHLFTFIQFKKDLKESMKCGMWGRALRKAIADWYNEKGGMALALAVTKYKQRNGWSHKDLLRLSHLKPSSEGLAIVTKYITKGWKEVHELYKEKALSVETEKLLKYLEAVEKVKRTRDELEVIHLIEEHRLVREHLLTNHLKSKEVWKALLQEMPLTALLRNLGKMTANSVLEPGNSEVSLVCEKLCNEKLLKKARIHPFHILIALETYKTGHGLRGKLKWRPDEEILKALDAAFYKTFKTVEPTGKRFLLAVDVSASMNQRVLGSILNASTVAAAMCMVVTRTEKDSYVVAFSDEMVPCPVTTDMTLQQVLMAMSQIPAGGTDCSLPMIWAQKTNTPADVFIVFTDNETFAGGVHPAIALREYRKKMDIPAKLIVCGMTSNGFTIADPDDRGMLDMCGFDTGALDVIRNFTLDMI,,,False,True,True,Systemic lupus erythematosus,Epstein-Barr virus,TKYKQRNGWSHK (host) vs GGSGSGPRHRDGVRR (EBNA-1),protein,False,"Suliman 2024 (Immun Inflamm Dis, Table 1, ref 122); Munroe et al. 2021; Greiling et al. 2018"
LAYERC_SNRPB_SMD,P14678,SNRPB,Small nuclear ribonucleoprotein-associated protein B/B' (Sm B/B'),MTVGKSSKMLQHIDYRMRCILQDGRIFIGTFKAFDKHMNLILCDCDEFRKIKPKNSKQAEREEKRVLGLVLLRGENLVSMTVEGPPPKDTGIARVPLAGAAGGPGIGRAAGRGIPAGVPMPQAPAGLAGPVRGVGGPSQQVMTPQGRGTVAAAAAAATASIAGAPTQYPPGRGGPPPPMGRGAPPPGMMGPPPGMRPPMGPPMGIPPGRGTPMGMPPPGMRPPPPGMRGPPPPGMRPPRP,,,False,True,True,Systemic lupus erythematosus,Epstein-Barr virus,"PPPGMRPP (host, SmD) vs PPPGRRP (EBNA-1)",protein,False,"Suliman 2024 (Immun Inflamm Dis, Table 1, ref 122); Poole et al. 2020 (canonical EBNA-1/Sm B/B' mimicry motif)"
LAYERC_MBP_MYELIN_BASIC_PROTEIN,P02686,MBP,Myelin basic protein (MBP),MGNHAGKRELNAEKASTNSETNRGESEKKRNLGELSRTTSEDNEVFGEADANQNNGTSSQDTAVTDSKRTADPKNAWQDAHPADPGSRPHLIRLFSRDAPGREDNTFKDRPSESDELQTIQEDSAATSESLDVMASQKRPSQRHGSKYLATASTMDHARHGFLPRHRDTGILDSIGRFFGGDRGAPKRGSGKDSHHPARTAHYGSLPQKSHGRTQDENPVVHFFKNIVTPRTPPPSQGKGRGLSLSRFSWGAEGQRPGFGYGGRASDYKSAHKGFKGVDAQGTLSKIFKLGGRDSRSGSPMARR,,,False,True,True,Multiple sclerosis,Human herpesvirus 6;Epstein-Barr virus,VVHFFKNIVTP / ENPVVHFFKNIVTPR (host) vs multiple pathogen epitopes (see other MBP rows in this table),protein,False,"Suliman 2024 (Immun Inflamm Dis, Table 1, refs 122-124); Almulla et al. 2025 (iScience) - EBV/HHV-6 pentapeptide mimicry to CNS proteins incl. MBP"
LAYERC_MBP_SCHIZOSACCHAROMYCES,P02686,MBP,Myelin basic protein (MBP),MGNHAGKRELNAEKASTNSETNRGESEKKRNLGELSRTTSEDNEVFGEADANQNNGTSSQDTAVTDSKRTADPKNAWQDAHPADPGSRPHLIRLFSRDAPGREDNTFKDRPSESDELQTIQEDSAATSESLDVMASQKRPSQRHGSKYLATASTMDHARHGFLPRHRDTGILDSIGRFFGGDRGAPKRGSGKDSHHPARTAHYGSLPQKSHGRTQDENPVVHFFKNIVTPRTPPPSQGKGRGLSLSRFSWGAEGQRPGFGYGGRASDYKSAHKGFKGVDAQGTLSKIFKLGGRDSRSGSPMARR,,,False,True,True,Multiple sclerosis,Schizosaccharomyces pombe (fungal; non-viral control),VVHFFKNIVTP (host) vs WRKFFKNVVSS (S. pombe protein kinase CHK1),protein,False,"Suliman 2024 (Immun Inflamm Dis, Table 1, ref 122)"
LAYERC_MBP_HCMV,P02686,MBP,Myelin basic protein (MBP),MGNHAGKRELNAEKASTNSETNRGESEKKRNLGELSRTTSEDNEVFGEADANQNNGTSSQDTAVTDSKRTADPKNAWQDAHPADPGSRPHLIRLFSRDAPGREDNTFKDRPSESDELQTIQEDSAATSESLDVMASQKRPSQRHGSKYLATASTMDHARHGFLPRHRDTGILDSIGRFFGGDRGAPKRGSGKDSHHPARTAHYGSLPQKSHGRTQDENPVVHFFKNIVTPRTPPPSQGKGRGLSLSRFSWGAEGQRPGFGYGGRASDYKSAHKGFKGVDAQGTLSKIFKLGGRDSRSGSPMARR,,,False,True,True,Multiple sclerosis,Human cytomegalovirus,VVHFFKNIVTP (host) vs DILILKLVVGE (HCMV Tegument Protein UL71),protein,False,"Suliman 2024 (Immun Inflamm Dis, Table 1, ref 122)"
LAYERC_MBP_SALMONELLA,P02686,MBP,Myelin basic protein (MBP),MGNHAGKRELNAEKASTNSETNRGESEKKRNLGELSRTTSEDNEVFGEADANQNNGTSSQDTAVTDSKRTADPKNAWQDAHPADPGSRPHLIRLFSRDAPGREDNTFKDRPSESDELQTIQEDSAATSESLDVMASQKRPSQRHGSKYLATASTMDHARHGFLPRHRDTGILDSIGRFFGGDRGAPKRGSGKDSHHPARTAHYGSLPQKSHGRTQDENPVVHFFKNIVTPRTPPPSQGKGRGLSLSRFSWGAEGQRPGFGYGGRASDYKSAHKGFKGVDAQGTLSKIFKLGGRDSRSGSPMARR,,,False,True,True,Multiple sclerosis,Salmonella typhimurium,VVHFFKNIVTP (host) vs AGSFFKNPVVA (S. typhimurium UDP-N-acetylenolpyruvoylglucosamine reductase),protein,False,"Suliman 2024 (Immun Inflamm Dis, Table 1, ref 122)"
LAYERC_MBP_SAUREUS,P02686,MBP,Myelin basic protein (MBP),MGNHAGKRELNAEKASTNSETNRGESEKKRNLGELSRTTSEDNEVFGEADANQNNGTSSQDTAVTDSKRTADPKNAWQDAHPADPGSRPHLIRLFSRDAPGREDNTFKDRPSESDELQTIQEDSAATSESLDVMASQKRPSQRHGSKYLATASTMDHARHGFLPRHRDTGILDSIGRFFGGDRGAPKRGSGKDSHHPARTAHYGSLPQKSHGRTQDENPVVHFFKNIVTPRTPPPSQGKGRGLSLSRFSWGAEGQRPGFGYGGRASDYKSAHKGFKGVDAQGTLSKIFKLGGRDSRSGSPMARR,,,False,True,True,Multiple sclerosis,Staphylococcus aureus,ENPVVHFFKNIVTPR (host) vs VLARLHFYRNDVHKE (S. aureus VgaB),protein,False,"Suliman 2024 (Immun Inflamm Dis, Table 1, ref 123)"
LAYERC_MBP_MAVIUM,P02686,MBP,Myelin basic protein (MBP),MGNHAGKRELNAEKASTNSETNRGESEKKRNLGELSRTTSEDNEVFGEADANQNNGTSSQDTAVTDSKRTADPKNAWQDAHPADPGSRPHLIRLFSRDAPGREDNTFKDRPSESDELQTIQEDSAATSESLDVMASQKRPSQRHGSKYLATASTMDHARHGFLPRHRDTGILDSIGRFFGGDRGAPKRGSGKDSHHPARTAHYGSLPQKSHGRTQDENPVVHFFKNIVTPRTPPPSQGKGRGLSLSRFSWGAEGQRPGFGYGGRASDYKSAHKGFKGVDAQGTLSKIFKLGGRDSRSGSPMARR,,,False,True,True,Multiple sclerosis,Mycobacterium avium,ENPVVHFFKNIVTPR (host) vs QRCRVHFLRNVLAQV (M. avium transposase),protein,False,"Suliman 2024 (Immun Inflamm Dis, Table 1, ref 123); NCBI BLAST alignment against human GCP4 also noted in source"
LAYERC_MBP_BSUBTILIS,P02686,MBP,Myelin basic protein (MBP),MGNHAGKRELNAEKASTNSETNRGESEKKRNLGELSRTTSEDNEVFGEADANQNNGTSSQDTAVTDSKRTADPKNAWQDAHPADPGSRPHLIRLFSRDAPGREDNTFKDRPSESDELQTIQEDSAATSESLDVMASQKRPSQRHGSKYLATASTMDHARHGFLPRHRDTGILDSIGRFFGGDRGAPKRGSGKDSHHPARTAHYGSLPQKSHGRTQDENPVVHFFKNIVTPRTPPPSQGKGRGLSLSRFSWGAEGQRPGFGYGGRASDYKSAHKGFKGVDAQGTLSKIFKLGGRDSRSGSPMARR,,,False,True,True,Multiple sclerosis,Bacillus subtilis,ENPVVHFFKNIVTPR (host) vs ALAVLHFYPDKGAKN (B. subtilis YqeE),protein,False,"Suliman 2024 (Immun Inflamm Dis, Table 1, ref 123)"
LAYERC_MBP_HSV,P02686,MBP,Myelin basic protein (MBP),MGNHAGKRELNAEKASTNSETNRGESEKKRNLGELSRTTSEDNEVFGEADANQNNGTSSQDTAVTDSKRTADPKNAWQDAHPADPGSRPHLIRLFSRDAPGREDNTFKDRPSESDELQTIQEDSAATSESLDVMASQKRPSQRHGSKYLATASTMDHARHGFLPRHRDTGILDSIGRFFGGDRGAPKRGSGKDSHHPARTAHYGSLPQKSHGRTQDENPVVHFFKNIVTPRTPPPSQGKGRGLSLSRFSWGAEGQRPGFGYGGRASDYKSAHKGFKGVDAQGTLSKIFKLGGRDSRSGSPMARR,,,False,True,True,Multiple sclerosis,Herpes simplex virus,ENPVVHFFKNIVTPR (host) vs FRQLVHFVRDFAQLL (HSV UL15 protein),protein,False,"Suliman 2024 (Immun Inflamm Dis, Table 1, ref 124)"
LAYERC_MOG_MYELIN_OLIGODENDROCYTE,Q16653,MOG,Myelin oligodendrocyte glycoprotein (MOG),MASLSRPSLPSCLCSFLLLLLLQVSSSYAGQFRVIGPRHPIRALVGDEVELPCRISPGKNATGMEVGWYRPPFSRVVHLYRNGKDQDGDQAPEYRGRTELLKDAIGEGKVTLRIRNVRFSDEGGFTCFFRDHSYQEEAAMELKVEDPFYWVSPGVLVLLAVLPVLLLQITVGLIFLCLQYRLRGKLRAEIENLHRTFDPHFLRVPCWKITLFVIVPVLGPLVALIICYNWLHRRLAGQFLEELRNPF,,,False,True,True,Multiple sclerosis,Epstein-Barr virus;Human herpesvirus 6,EBV/HHV-6 pentapeptide-level mimicry (exact epitope in Almulla bioRxiv 2025 preprint - not retrieved),protein,False,Almulla et al. 2025 (iScience 28:113048); reference-set.md summary (MOG=5 pentapeptides per Almulla in silico study)
LAYERC_MAG_MYELIN_ASSOCIATED_GLYCOPROTEIN,P20916,MAG,Myelin-associated glycoprotein (MAG),MIFLTALPLFWIMISASRGGHWGAWMPSSISAFEGTCVSIPCRFDFPDELRPAVVHGVWYFNSPYPKNYPPVVFKSRTQVVHESFQGRSRLLGDLGLRNCTLLLSNVSPELGGKYYFRGDLGGYNQYTFSEHSVLDIVNTPNIVVPPEVVAGTEVEVSCMVPDNCPELRPELSWLGHEGLGEPAVLGRLREDEGTWVQVSLLHFVPTREANGHRLGCQASFPNTTLQFEGYASMDVKYPPVIVEMNSSVEAIEGSHVSLLCGADSNPPPLLTWMRDGTVLREAVAESLLLELEEVTPAEDGVYACLAENAYGQDNRTVGLSVMYAPWKPTVNGTMVAVEGETVSILCSTQSNPDPILTIFKEKQILSTVIYESELQLELPAVSPEDDGEYWCVAENQYGQRATAFNLSVEFAPVLLLESHCAAARDTVQCLCVVKSNPEPSVAFELPSRNVTVNESEREFVYSERSGLVLTSILTLRGQAQAPPRVICTARNLYGAKSLELPFQGAHRLMWAKIGPVGAVVAFAILIAIVCYITQTRRKKNVTESPSFSAGDNPPVLFSSDFRISGAPEKYESERRLGSERRLLGLRGEPPELDLSYSHSDLGKRPTKDSYTLTEELAEYAEIRVK,,,False,True,True,Multiple sclerosis,Epstein-Barr virus;Human herpesvirus 6,EBV/HHV-6 pentapeptide-level mimicry (exact epitope in Almulla bioRxiv 2025 preprint - not retrieved),protein,False,Almulla et al. 2025 (iScience 28:113048); reference-set.md summary (MAG=12 pentapeptides per Almulla in silico study)
LAYERC_SYN1_SYNAPSIN1,P17600,SYN1,Synapsin-1,MNYLRRRLSDSNFMANLPNGYMTDLQRPQPPPPPPGAHSPGATPGPGTATAERSSGVAPAASPAAPSPGSSGGGGFFSSLSNAVKQTTAAAAATFSEQVGGGSGGAGRGGAASRVLLVIDEPHTDWAKYFKGKKIHGEIDIKVEQAEFSDLNLVAHANGGFSVDMEVLRNGVKVVRSLKPDFVLIRQHAFSMARNGDYRSLVIGLQYAGIPSVNSLHSVYNFCDKPWVFAQMVRLHKKLGTEEFPLIDQTFYPNHKEMLSSTTYPVVVKMGHAHSGMGKVKVDNQHDFQDIASVVALTKTYATAEPFIDAKYDVRVQKIGQNYKAYMRTSVSGNWKTNTGSAMLEQIAMSDRYKLWVDTCSEIFGGLDICAVEALHGKDGRDHIIEVVGSSMPLIGDHQDEDKQLIVELVVNKMAQALPRQRQRDASPGRGSHGQTPSPGALPLGRQTSQQPAGPPAQQRPPPQGGPPQPGPGPQRQGPPLQQRPPPQGQQHLSGLGPPAGSPLPQRLPSPTSAPQQPASQAAPPTQGQGRQSRPVAGGPGAPPAARPPASPSPQRQAGPPQATRQTSVSGPAPPKASGAPPGGQQRQGPPQKPPGPAGPTRQASQAGPVPRTGPPTTQQPRPSGPGPAGRPKPQLAQKPSQDVPPPATAAAGGPPHPQLNKSQSLTNAFNLPEPAPPRPSLSQDEVKAETIRSLRKSFASLFSD,,,False,True,True,Multiple sclerosis,Epstein-Barr virus;Human herpesvirus 6,EBV/HHV-6 pentapeptide-level mimicry (exact epitope in Almulla bioRxiv 2025 preprint - not retrieved),protein,False,"Almulla et al. 2025 (iScience 28:113048); reference-set.md summary (synapsin-1=13 pentapeptides per Almulla in silico study, the highest of the panel)"
LAYERC_GLIALCAM,Q14CZ8,HEPACAM,GlialCAM (HepaCAM),MKRERGALSRASRALRLAPFVYLLLIQTDPLEGVNITSPVRLIHGTVGKSALLSVQYSSTSSDRPVVKWQLKRDKPVTVVQSIGTEVIGTLRPDYRDRIRLFENGSLLLSDLQLADEGTYEVEISITDDTFTGEKTINLTVDVPISRPQVLVASTTVLELSEAFTLNCSHENGTKPSYTWLKDGKPLLNDSRMLLSPDQKVLTITRVLMEDDDLYSCMVENPISQGRSLPVKITVYRRSSLYIILSTGGIFLLVTLVTVCACWKPSKRKQKKLEKQNSLEYMDQNDDRLKPEADTLPRSGEQERKNPMALYILKDKDSPETEENPAPEPRSATEPGPPGYSVSPAVPGRSPGLPIRSARRYPRSPARSPATGRTHSSPPRAPSSPGRSRSASRTLRTAGVHIIREQDEAGPVEISA,,,False,True,True,Multiple sclerosis,Epstein-Barr virus,High-affinity molecular mimicry between EBNA-1 and GlialCAM; clonally expanded CSF B cells cross-react with both,protein,False,"Almulla et al. 2025 (iScience 28:113048) citing Lanz et al. 2022, Nature 603:321-327"
LAYERC_HSPD1_HSP60,P10809,HSPD1,Heat shock protein 60 (HSP60),MLRLPTVFRQMRPVSRVLAPHLTRAYAKDVKFGADARALMLQGVDLLADAVAVTMGPKGRTVIIEQSWGSPKVTKDGVTVAKSIDLKDKYKNIGAKLVQDVANNTNEEAGDGTTTATVLARSIAKEGFEKISKGANPVEIRRGVMLAVDAVIAELKKQSKPVTTPEEIAQVATISANGDKEIGNIISDAMKKVGRKGVITVKDGKTLNDELEIIEGMKFDRGYISPYFINTSKGQKCEFQDAYVLLSEKKISSIQSIVPALEIANAHRKPLVIIAEDVDGEALSTLVLNRLKVGLQVVAVKAPGFGDNRKNQLKDMAIATGGAVFGEEGLTLNLEDVQPHDLGKVGEVIVTKDDAMLLKGKGDKAQIEKRIQEIIEQLDVTTSEYEKEKLNERLAKLSDGVAVLKVGGTSDVEVNEKKDRVTDALNATRAAVEEGIVLGGGCALLRCIPALDSLTPANEDQKIGIEIIKRTLKIPAMTIAKNAGVEGSLIVEKIMQSSSEVGYDAMAGDFVNMVEKGIIDPTKVVRTALLDAAGVASLLTTAEVVVTEIPKEEKDPGMGAMGGMGGGMGGGMF,,,False,True,True,Rheumatoid arthritis,Mycobacterium bovis,HRKPLVIIAEDVDGE (host) vs AGKPLLIIAEDVEGE (M. bovis HSP65),protein,False,"Suliman 2024 (Immun Inflamm Dis, Table 1, ref 125)"
LAYERC_DLAT_PDCE2,P10515,DLAT,Pyruvate dehydrogenase complex E2 component (PDC-E2),MWRVCARRAQNVAPWAGLEARWTALQEVPGTPRVTSRSGPAPARRNSVTTGYGGVRALCGWTPSSGATPRNRLLLQLLGSPGRRYYSLPPHQKVPLPSLSPTMQAGTIARWEKKEGDKINEGDLIAEVETDKATVGFESLEECYMAKILVAEGTRDVPIGAIICITVGKPEDIEAFKNYTLDSSAAPTPQAAPAPTPAATASPPTPSAQAPGSSYPPHMQVLLPALSPTMTMGTVQRWEKKVGEKLSEGDLLAEIETDKATIGFEVQEEGYLAKILVPEGTRDVPLGTPLCIIVEKEADISAFADYRPTEVTDLKPQVPPPTPPPVAAVPPTPQPLAPTPSAPCPATPAGPKGRVFVSPLAKKLAVEKGIDLTQVKGTGPDGRITKKDIDSFVPSKVAPAPAAVVPPTGPGMAPVPTGVFTDIPISNIRRVIAQRLMQSKQTIPHYYLSIDVNMGEVLLVRKELNKILEGRSKISVNDFIIKASALACLKVPEANSSWMDTVIRQNHVVDVSVAVSTPAGLITPIVFNAHIKGVETIANDVVSLATKAREGKLQPHEFQGGTFTISNLGMFGIKNFSAIINPPQACILAIGASEDKLVPADNEKGFDVASMMSVTLSCDHRVVDGAVGAQWLAEFRKYLEKPITMLL,,,False,True,True,Primary biliary cholangitis (PBC),Lactobacillus delbrueckii,KLSEGDLLAEIETDK (host) vs RDSEGDLVAEKLGPI (L. delbrueckii BGAL),protein,False,"Suliman 2024 (Immun Inflamm Dis, Table 1, ref 126)"
LAYERC_GM1_GANGLIOSIDE,NA_GLYCAN,GM1,"GM1 ganglioside (glycan, not a protein - documents an honest coverage gap)",,,,False,True,True,Guillain-Barre syndrome (GBS),Campylobacter jejuni,C. jejuni lipooligosaccharide mimics GM1/GD1a ganglioside epitopes; NOT representable in a protein-embedding pipeline,glycan,False,"Suliman 2024 (Immun Inflamm Dis) Section 9, refs 86-88; reference-set.md explicit coverage-gap flag"
